run_id,study_group,scenario,city,controller,seed,days,demand_scale,perfect_forecast,parameter_draw,recovery_fraction_it,recovery_fraction_captured,it_heat_mwh,captured_mwh,absorbed_mwh,compressor_mwh,dhw_delivered_mwh,process_delivered_mwh,dhw_hp_mwh,process_hp_mwh,absorption_heat_mwh,absorption_cooling_mwh,orc_heat_mwh,orc_electric_mwh,store_charge_mwh,store_discharge_mwh,store_discharge_dhw_mwh,store_discharge_process_mwh,dumped_heat_mwh,surplus_cooling_mwh,store_net_change_mwh,store_standing_loss_mwh,buffer_net_change_mwh,buffer_standing_loss_mwh,rejected_mwh,unmet_demand_percent,fallback_demand_percent,cooling_electric_saving_percent,net_cost_inr,max_source_residual_kw,max_hp_residual_kw,max_store_residual_kw,max_buffer_residual_kw,max_service_residual_kw,max_balance_residual_kw,mpc_solves,mpc_time_limited_solves,parameters_json
sweep__A__tuned__seed0__days30__scale0.5__perfect0__drawnone,sweep,A,Nagpur,tuned,0,30,0.5,False,-1,0.0479877135202568,0.0685538764575097,2488.7906894790817,1742.153482635357,119.43137461860458,45.21700490490709,51.851497105338304,26.242327848222896,32.27337887320822,22.679600787199288,79.47491228209168,50.47177078008964,0.0,0.0,30.22048758101247,29.39503546140405,20.955593811147043,8.439441650257006,6.254190168250358,2.475655078810081,0.1158929436424678,0.7095591759659555,0.125,0.2283681524982908,1622.3687398642544,0.0,21.61232027063805,7.016048227855804,5362198.932226363,0.0,1.1368683772161605e-13,4.757305660518796e-13,7.815970093361102e-14,2.8421709430404014e-14,4.757305660518796e-13,0,0,"{""absorption_nominal_cop"": 0.72, ""capture_fraction"": 0.7, ""hp_eta2"": 0.45, ""mechanical_chiller_nominal_cop"": 5.5, ""orc_eta2"": 0.55, ""store_loss_per_day"": 0.015}"
sweep__B__tuned__seed0__days30__scale3__perfect0__drawnone,sweep,B,Bhopal,tuned,0,30,3.0,False,-1,0.2359586523846753,0.3370837891209647,2057.4003033027075,1440.180212311895,485.4614029831291,155.41735627092584,468.6756702888586,129.71520690309845,399.19601116829006,148.2899871985754,0.0,0.0,0.0,0.0,93.39276088718948,93.58511395433128,81.95659190684172,11.628522047489536,42.680235129239705,0.0,-0.5500826412446579,0.3577295741028689,0.125,0.2283681524982908,954.3654411762678,0.0,30.662431626063736,33.76344865261479,5522730.504056305,0.0,3.410605131648481e-13,4.831690603168681e-13,7.815970093361102e-14,3.410605131648481e-13,4.831690603168681e-13,0,0,"{""absorption_nominal_cop"": 0.72, ""capture_fraction"": 0.7, ""hp_eta2"": 0.45, ""mechanical_chiller_nominal_cop"": 5.5, ""orc_eta2"": 0.55, ""store_loss_per_day"": 0.015}"
sweep__A__tuned__seed1__days30__scale0.5__perfect0__drawnone,sweep,A,Nagpur,tuned,1,30,0.5,False,-1,0.0482371703682679,0.0689102433832399,2485.7953327856485,1740.0567329499538,119.9077329682266,45.46086123564855,51.72582368707501,26.26459149182596,32.15431642809148,22.603679167239587,80.5556357135307,51.55197409424871,0.0,0.0,30.054962895013382,29.22917910040244,20.81770137977721,8.41147772062524,5.996759516832536,1.987911587238516,0.1160039709166956,0.7097798236942472,0.125,0.2283681524982908,1619.795631829229,0.0,21.18119814814777,7.062042112805524,5360418.3258533925,0.0,1.4210854715202006e-13,4.745093207247919e-13,7.815970093361102e-14,2.8421709430404014e-14,4.745093207247919e-13,0,0,"{""absorption_nominal_cop"": 0.72, ""capture_fraction"": 0.7, ""hp_eta2"": 0.45, ""mechanical_chiller_nominal_cop"": 5.5, ""orc_eta2"": 0.55, ""store_loss_per_day"": 0.015}"
sweep__B__tuned__seed1__days30__scale3__perfect0__drawnone,sweep,B,Bhopal,tuned,1,30,3.0,False,-1,0.2359826750782249,0.3371181072546071,2054.9241417694693,1438.4468992386282,484.9264960575849,155.2026544600041,468.98424639795695,129.26336865343438,398.64541603604346,147.71784647556842,0.0,0.0,0.0,0.0,93.7658880059772,93.95990986156583,82.29005351467649,11.66985634688934,42.07555732178636,0.0,-0.5500826412446579,0.3560607856560304,0.125,0.2283681524982908,953.1670350285452,0.0,30.672608644601365,33.84133029159533,5583518.270791106,0.0,3.979039320256561e-13,4.801714581503802e-13,7.815970093361102e-14,2.273736754432321e-13,4.801714581503802e-13,0,0,"{""absorption_nominal_cop"": 0.72, ""capture_fraction"": 0.7, ""hp_eta2"": 0.45, ""mechanical_chiller_nominal_cop"": 5.5, ""orc_eta2"": 0.55, ""store_loss_per_day"": 0.015}"
sweep__A__tuned__seed2__days30__scale0.5__perfect0__drawnone,sweep,A,Nagpur,tuned,2,30,0.5,False,-1,0.0474281736616294,0.0677545338023278,2491.379377552548,1743.965564286783,118.1615737755646,44.63798198851437,52.10835310509277,26.25606218578279,32.670986893902146,22.651574890036663,77.49244196715784,49.680283619015,0.0,0.0,29.9845520129823,29.140727722256063,20.746788075551347,8.393939646704712,6.098874215319322,1.94061636321458,0.1341976104354478,0.7096266802907851,0.125,0.2283681524982908,1625.4506223587205,0.0,21.89552936905737,6.933270719290928,5357715.884386338,0.0,1.4210854715202006e-13,4.801714581503802e-13,7.815970093361102e-14,4.263256414560601e-14,4.801714581503802e-13,0,0,"{""absorption_nominal_cop"": 0.72, ""capture_fraction"": 0.7, ""hp_eta2"": 0.45, ""mechanical_chiller_nominal_cop"": 5.5, ""orc_eta2"": 0.55, ""store_loss_per_day"": 0.015}"
sweep__B__tuned__seed2__days30__scale3__perfect0__drawnone,sweep,B,Bhopal,tuned,2,30,3.0,False,-1,0.2363015093236229,0.3375735847480328,2059.540285443439,1441.6781998104077,486.67247796308993,155.70701401098725,470.6841734500949,129.6354701834863,401.5022012630712,147.7375452883506,0.0,0.0,0.0,0.0,93.1397454226554,93.33215329268194,81.5047820472383,11.827371245443642,42.252256210522496,0.0,-0.5500826412446579,0.3576747712181281,0.125,0.2283681524982908,954.6523536948192,0.0,30.47359855133669,33.578579816668515,5510340.257048007,0.0,3.979039320256561e-13,4.813927034774679e-13,7.815970093361102e-14,2.717825964282383e-13,4.813927034774679e-13,0,0,"{""absorption_nominal_cop"": 0.72, ""capture_fraction"": 0.7, ""hp_eta2"": 0.45, ""mechanical_chiller_nominal_cop"": 5.5, ""orc_eta2"": 0.55, ""store_loss_per_day"": 0.015}"
sweep__A__tuned__seed0__days30__scale5__perfect0__drawnone,sweep,A,Nagpur,tuned,0,30,5.0,False,-1,0.3128134226510765,0.4468763180729664,2488.7906894790817,1742.153482635357,778.5271338380841,275.5650687823936,539.5467004258663,257.53178010391224,533.6461916143867,311.6024039205642,173.82400840433334,114.30257305326896,0.0,0.0,35.01959868119327,35.20878883852813,23.67556835621137,11.533220482316748,83.37890384370057,2.6286464172453585,-0.5500826412446579,0.3608924839098018,0.125,0.2283681524982908,963.2729806447747,0.0,44.43222097482385,45.309345438378585,8979520.645553213,0.0,4.547473508864641e-13,4.721778523730791e-13,7.815970093361102e-14,2.273736754432321e-13,4.721778523730791e-13,0,0,"{""absorption_nominal_cop"": 0.72, ""capture_fraction"": 0.7, ""hp_eta2"": 0.45, ""mechanical_chiller_nominal_cop"": 5.5, ""orc_eta2"": 0.55, ""store_loss_per_day"": 0.015}"
sweep__C__tuned__seed0__days30__scale2__perfect0__drawnone,sweep,C,Coimbatore,tuned,0,30,2.0,False,-1,0.1945891325636424,0.2779844750909178,2322.8713101804765,1626.0099171263334,452.0055133049905,150.6852418468525,393.1348203779601,151.45588471372264,374.8546126687114,194.3065064594188,0.0,0.0,0.0,0.0,33.529636023712904,33.31538361545725,33.31538361545725,0.0,57.88579765190465,0.0,-0.3002439609445789,0.5144963692002443,0.125,0.2283681524982908,1173.6510356688443,0.0,24.36714685745389,28.89195679551774,3308695.640103895,0.0,3.979039320256561e-13,4.618527782440651e-13,7.815970093361102e-14,2.273736754432321e-13,4.618527782440651e-13,0,0,"{""absorption_nominal_cop"": 0.72, ""capture_fraction"": 0.7, ""hp_eta2"": 0.45, ""mechanical_chiller_nominal_cop"": 5.5, ""orc_eta2"": 0.55, ""store_loss_per_day"": 0.015}"
sweep__A__tuned__seed1__days30__scale5__perfect0__drawnone,sweep,A,Nagpur,tuned,1,30,5.0,False,-1,0.3140311311597288,0.4486159016567556,2485.7953327856485,1740.0567329499538,780.6171201862518,276.6025481847364,539.6194963905685,257.29140356875683,532.8009912232684,311.325038086582,178.204897957293,117.43061012036742,0.0,0.0,34.888741103844616,35.07943773452643,23.58275243812796,11.496685296398468,82.29456708505151,2.2921786418961783,-0.5500826412446579,0.3593860105628355,0.125,0.2283681524982908,959.0862446112038,0.0,44.36778361719466,45.50291372514684,8952661.739535192,0.0,5.115907697472721e-13,4.625189120588402e-13,7.815970093361102e-14,2.273736754432321e-13,5.115907697472721e-13,0,0,"{""absorption_nominal_cop"": 0.72, ""capture_fraction"": 0.7, ""hp_eta2"": 0.45, ""mechanical_chiller_nominal_cop"": 5.5, ""orc_eta2"": 0.55, ""store_loss_per_day"": 0.015}"
sweep__C__tuned__seed1__days30__scale2__perfect0__drawnone,sweep,C,Coimbatore,tuned,1,30,2.0,False,-1,0.1943199190199569,0.2775998843142242,2320.075643933272,1624.05295075329,450.8369112492879,150.26778817890292,393.3870992189788,150.95496354193887,374.0262711204143,193.54193956860885,0.0,0.0,0.0,0.0,33.5364887391677,33.322166199146146,33.322166199146146,0.0,56.54831412725155,0.0,-0.3002439609445789,0.5145665009661611,0.125,0.2283681524982908,1172.8626713515043,0.0,24.30541655346863,28.81865845581716,3333152.638243636,0.0,3.410605131648481e-13,4.691802502065914e-13,7.815970093361102e-14,1.7053025658242404e-13,4.691802502065914e-13,0,0,"{""absorption_nominal_cop"": 0.72, ""capture_fraction"": 0.7, ""hp_eta2"": 0.45, ""mechanical_chiller_nominal_cop"": 5.5, ""orc_eta2"": 0.55, ""store_loss_per_day"": 0.015}"
sweep__A__tuned__seed2__days30__scale5__perfect0__drawnone,sweep,A,Nagpur,tuned,2,30,5.0,False,-1,0.3115610337655625,0.4450871910936608,2491.379377552548,1743.965564286783,776.2167343724757,274.3428714667252,541.7561220354702,256.97652369638115,535.3968973230528,310.4828154240568,169.6989825824169,111.58835411663524,0.0,0.0,34.98091050967417,35.168607409918984,23.40001670529956,11.768590704619426,82.31567442517735,2.565690997129902,-0.5500826412446579,0.3623857409998413,0.125,0.2283681524982908,967.3954617618097,0.0,44.47240658714652,45.10817782741754,8949310.987867076,0.0,4.547473508864641e-13,4.547473508864641e-13,7.815970093361102e-14,2.273736754432321e-13,4.547473508864641e-13,0,0,"{""absorption_nominal_cop"": 0.72, ""capture_fraction"": 0.7, ""hp_eta2"": 0.45, ""mechanical_chiller_nominal_cop"": 5.5, ""orc_eta2"": 0.55, ""store_loss_per_day"": 0.015}"
sweep__C__tuned__seed2__days30__scale2__perfect0__drawnone,sweep,C,Coimbatore,tuned,2,30,2.0,False,-1,0.1947598941178925,0.2782284201684179,2325.2874190490447,1627.7011933343313,452.8727315276596,150.9387955530567,394.8174402567134,151.31989574626155,375.931893016577,194.34489979736267,0.0,0.0,0.0,0.0,33.5347342667765,33.320301036129386,33.320301036129386,0.0,57.4597578470942,0.0,-0.3002439609445789,0.5146771915917089,0.125,0.2283681524982908,1174.4750936541734,0.0,24.200657594045182,28.904002232345224,3274578.5856988886,0.0,3.979039320256561e-13,4.618527782440651e-13,7.815970093361102e-14,2.273736754432321e-13,4.618527782440651e-13,0,0,"{""absorption_nominal_cop"": 0.72, ""capture_fraction"": 0.7, ""hp_eta2"": 0.45, ""mechanical_chiller_nominal_cop"": 5.5, ""orc_eta2"": 0.55, ""store_loss_per_day"": 0.015}"
sweep__A__tuned__seed3__days30__scale5__perfect0__drawnone,sweep,A,Nagpur,tuned,3,30,5.0,False,-1,0.3170626668719271,0.4529466669598959,2486.60709767094,1740.6249683696583,788.410277850211,280.1014374962761,538.6976466482619,258.2228546858286,532.3846150405091,312.4680360611899,188.88591995759123,123.97771160838424,0.0,0.0,34.773144287196864,34.96404405417547,23.385298190058727,11.578745864116742,82.89619382178398,2.7499743719704184,-0.5500826412446579,0.3591828742660412,0.125,0.2283681524982908,951.8613223669493,0.0,44.64190028142463,45.94472717770402,9102346.372639254,0.0,4.547473508864641e-13,4.697353617189037e-13,7.815970093361102e-14,2.273736754432321e-13,4.697353617189037e-13,0,0,"{""absorption_nominal_cop"": 0.72, ""capture_fraction"": 0.7, ""hp_eta2"": 0.45, ""mechanical_chiller_nominal_cop"": 5.5, ""orc_eta2"": 0.55, ""store_loss_per_day"": 0.015}"
sweep__C__tuned__seed3__days30__scale2__perfect0__drawnone,sweep,C,Coimbatore,tuned,3,30,2.0,False,-1,0.1943792460295707,0.277684637185101,2320.833291159544,1624.583303811681,451.12182529591934,150.43145971755857,392.5245937293888,151.50091221074138,373.7083085242219,194.3105299736781,0.0,0.0,0.0,0.0,33.53444651557797,33.320373028478805,33.320373028478805,0.0,57.31370558624866,0.0,-0.3002439609445789,0.5143174480437595,0.125,0.2283681524982908,1173.1081103632637,0.0,24.723322628830623,28.52772524837884,3391562.606619844,0.0,3.410605131648481e-13,4.795053243356051e-13,7.815970093361102e-14,1.7053025658242404e-13,4.795053243356051e-13,0,0,"{""absorption_nominal_cop"": 0.72, ""capture_fraction"": 0.7, ""hp_eta2"": 0.45, ""mechanical_chiller_nominal_cop"": 5.5, ""orc_eta2"": 0.55, ""store_loss_per_day"": 0.015}"
sweep__A__tuned__seed4__days30__scale5__perfect0__drawnone,sweep,A,Nagpur,tuned,4,30,5.0,False,-1,0.314719191927674,0.4495988456109629,2489.521795274158,1742.6652566919108,783.5002876950156,277.52671976532673,541.8297222566977,256.3174813793793,535.703125755132,310.72743677465456,179.6939578539837,117.96029037426436,0.0,0.0,34.90248707657207,35.09317478354863,23.58880011909116,11.50437466445748,83.37653367725794,2.7239145880566857,-0.5500826412446579,0.359394934268087,0.125,0.2283681524982908,958.811600844397,0.0,44.72683828949134,45.60986441856255,9056597.295393089,0.0,4.547473508864641e-13,4.721778523730791e-13,7.815970093361102e-14,2.700062395888381e-13,4.721778523730791e-13,0,0,"{""absorption_nominal_cop"": 0.72, ""capture_fraction"": 0.7, ""hp_eta2"": 0.45, ""mechanical_chiller_nominal_cop"": 5.5, ""orc_eta2"": 0.55, ""store_loss_per_day"": 0.015}"
sweep__C__tuned__seed4__days30__scale2__perfect0__drawnone,sweep,C,Coimbatore,tuned,4,30,2.0,False,-1,0.1946767801151432,0.278109685878776,2323.5536755892144,1626.48757291245,452.3419479884144,150.7239655631392,394.9500978241225,150.7670337059351,375.7868551713497,193.7603959525053,0.0,0.0,0.0,0.0,33.518662427698395,33.30467159786153,33.30467159786153,0.0,57.13479119165895,0.0,-0.3002439609445789,0.514234790781456,0.125,0.2283681524982908,1173.7922567715375,0.0,24.56101347284468,28.808257003520225,3365875.82068864,0.0,3.410605131648481e-13,4.768407890765047e-13,7.815970093361102e-14,2.273736754432321e-13,4.768407890765047e-13,0,0,"{""absorption_nominal_cop"": 0.72, ""capture_fraction"": 0.7, ""hp_eta2"": 0.45, ""mechanical_chiller_nominal_cop"": 5.5, ""orc_eta2"": 0.55, ""store_loss_per_day"": 0.015}"
sweep__B__tuned__seed0__days30__scale0.5__perfect0__drawnone,sweep,B,Bhopal,tuned,0,30,0.5,False,-1,0.0388868896720569,0.0555526995315099,2057.4003033027075,1440.180212311895,80.00589860578897,24.6162899063971,78.05670225790746,21.636159037348925,22.64512306535789,15.059911172989125,0.0,0.0,0.0,0.0,66.91715427383906,66.90621456577911,57.12220157933906,9.784012986440052,4.918387508869761,0.0,-0.5134174442618198,0.5243571523217648,0.125,0.2283681524982908,1359.820945553608,0.0,30.6895123245429,5.301368010391518,3493867.88108904,0.0,1.1368683772161605e-13,4.809486142676178e-13,7.815970093361102e-14,2.8421709430404014e-14,4.809486142676178e-13,0,0,"{""absorption_nominal_cop"": 0.72, ""capture_fraction"": 0.7, ""hp_eta2"": 0.45, ""mechanical_chiller_nominal_cop"": 5.5, ""orc_eta2"": 0.55, ""store_loss_per_day"": 0.015}"
sweep__C__tuned__seed0__days30__scale3__perfect0__drawnone,sweep,C,Coimbatore,tuned,0,30,3.0,False,-1,0.2844105326624006,0.4063007609462866,2322.8713101804765,1626.0099171263334,660.6490666346376,219.54177607243025,581.317436674141,217.0731845156931,569.2644595792535,277.4220697832312,0.0,0.0,0.0,0.0,33.50431334458308,33.28974427508662,33.28974427508662,0.0,81.58565244773715,0.0,-0.3002439609445789,0.5148130304410652,0.125,0.2283681524982908,965.0074823391974,0.0,26.07957984070373,44.36792681495199,4211054.410152921,0.0,3.410605131648481e-13,4.725109192804666e-13,7.815970093361102e-14,3.339550858072472e-13,4.725109192804666e-13,0,0,"{""absorption_nominal_cop"": 0.72, ""capture_fraction"": 0.7, ""hp_eta2"": 0.45, ""mechanical_chiller_nominal_cop"": 5.5, ""orc_eta2"": 0.55, ""store_loss_per_day"": 0.015}"
sweep__B__tuned__seed1__days30__scale0.5__perfect0__drawnone,sweep,B,Bhopal,tuned,1,30,0.5,False,-1,0.0389133046200371,0.0555904351714815,2054.9241417694693,1438.4468992386282,79.96388909974368,24.598457690031086,78.1395474541765,21.5640283739964,22.56966503796894,15.00584989330084,0.0,0.0,0.0,0.0,66.986831858505,66.89265688491864,57.164063427237664,9.728593457680972,4.7645959880155,0.0,-0.4328513365125256,0.52702631009889,0.125,0.2283681524982908,1358.1296419863863,0.0,30.675640182415485,5.321728430548711,3636404.0378095545,0.0,1.4210854715202006e-13,4.811706588725428e-13,7.815970093361102e-14,2.8421709430404014e-14,4.811706588725428e-13,0,0,"{""absorption_nominal_cop"": 0.72, ""capture_fraction"": 0.7, ""hp_eta2"": 0.45, ""mechanical_chiller_nominal_cop"": 5.5, ""orc_eta2"": 0.55, ""store_loss_per_day"": 0.015}"
sweep__C__tuned__seed1__days30__scale3__perfect0__drawnone,sweep,C,Coimbatore,tuned,1,30,3.0,False,-1,0.2841302061636024,0.4059002945194321,2320.075643933272,1624.05295075329,659.2035710259133,219.07923498298496,581.1767251560365,216.801855849354,567.7959127496003,276.9826428832489,0.0,0.0,0.0,0.0,33.50425037604902,33.28970301857927,33.28970301857927,0.0,80.08967764603807,0.0,-0.3002439609445789,0.5147913184143412,0.125,0.2283681524982908,964.4960115748788,0.0,26.023652624977128,44.17291992925142,4226233.20898607,0.0,4.547473508864641e-13,4.821698595947055e-13,7.815970093361102e-14,3.392841563254479e-13,4.821698595947055e-13,0,0,"{""absorption_nominal_cop"": 0.72, ""capture_fraction"": 0.7, ""hp_eta2"": 0.45, ""mechanical_chiller_nominal_cop"": 5.5, ""orc_eta2"": 0.55, ""store_loss_per_day"": 0.015}"
sweep__B__tuned__seed2__days30__scale0.5__perfect0__drawnone,sweep,B,Bhopal,tuned,2,30,0.5,False,-1,0.0389529625028589,0.0556470892897985,2059.540285443439,1441.6781998104077,80.22519551200574,24.684252793032165,78.39426566486617,21.616156288484948,22.95556881491538,15.105794035503536,0.0,0.0,0.0,0.0,66.848085454619,66.80784122669127,57.07769328238416,9.7301479443071,4.858782123759071,0.0,-0.4814045346610679,0.5216487625887969,0.125,0.2283681524982908,1361.0996361459036,0.0,30.50337613116944,5.377793167217084,3506786.589630814,0.0,1.4210854715202006e-13,4.811706588725428e-13,7.815970093361102e-14,2.8421709430404014e-14,4.811706588725428e-13,0,0,"{""absorption_nominal_cop"": 0.72, ""capture_fraction"": 0.7, ""hp_eta2"": 0.45, ""mechanical_chiller_nominal_cop"": 5.5, ""orc_eta2"": 0.55, ""store_loss_per_day"": 0.015}"
sweep__C__tuned__seed2__days30__scale3__perfect0__drawnone,sweep,C,Coimbatore,tuned,2,30,3.0,False,-1,0.2844500446981481,0.4063572067116401,2325.2874190490447,1627.7011933343313,661.4281102845422,219.72189863977903,583.5016964402595,216.49173776141512,570.637574350257,277.00834161935023,0.0,0.0,0.0,0.0,33.50409295471388,33.28936137081516,33.28936137081516,0.0,80.94184313874779,0.0,-0.3002439609445789,0.514975544843307,0.125,0.2283681524982908,965.9197148972908,0.0,25.978354717675995,44.38918066027506,4184473.4611505033,0.0,3.410605131648481e-13,4.618527782440651e-13,7.815970093361102e-14,3.392841563254479e-13,4.618527782440651e-13,0,0,"{""absorption_nominal_cop"": 0.72, ""capture_fraction"": 0.7, ""hp_eta2"": 0.45, ""mechanical_chiller_nominal_cop"": 5.5, ""orc_eta2"": 0.55, ""store_loss_per_day"": 0.015}"
sweep__B__tuned__seed3__days30__scale0.5__perfect0__drawnone,sweep,B,Bhopal,tuned,3,30,0.5,False,-1,0.0388732977488337,0.0555332824983339,2055.5952007413107,1438.9166405189176,79.90776428949074,24.58810096274688,77.94097579667807,21.641912685241287,22.73511706512175,15.060299489241633,0.0,0.0,0.0,0.0,66.70044869787425,66.68983818185531,56.91518213646574,9.774656045389555,4.902366254299311,0.0,-0.5151437996108892,0.5257543156298542,0.125,0.2283681524982908,1358.6555080769283,0.0,31.245540560130028,5.455703374205544,3778020.2695467584,0.0,1.7053025658242404e-13,4.801714581503802e-13,7.815970093361102e-14,2.8421709430404014e-14,4.801714581503802e-13,0,0,"{""absorption_nominal_cop"": 0.72, ""capture_fraction"": 0.7, ""hp_eta2"": 0.45, ""mechanical_chiller_nominal_cop"": 5.5, ""orc_eta2"": 0.55, ""store_loss_per_day"": 0.015}"
sweep__C__tuned__seed3__days30__scale3__perfect0__drawnone,sweep,C,Coimbatore,tuned,3,30,3.0,False,-1,0.2842958197596283,0.4061368853708975,2320.833291159544,1624.583303811681,659.8032030356387,219.36307031026027,580.2997524871018,217.5822954139899,567.6316206171374,278.0299323330105,0.0,0.0,0.0,0.0,33.50472039575093,33.290514409161446,33.290514409161446,0.0,81.07001945821771,0.0,-0.3002439609445789,0.5144499475340744,0.125,0.2283681524982908,964.426732623544,0.0,26.398169639362223,43.748371211981286,4274764.227031791,0.0,3.410605131648481e-13,4.547473508864641e-13,7.815970093361102e-14,3.375077994860477e-13,4.547473508864641e-13,0,0,"{""absorption_nominal_cop"": 0.72, ""capture_fraction"": 0.7, ""hp_eta2"": 0.45, ""mechanical_chiller_nominal_cop"": 5.5, ""orc_eta2"": 0.55, ""store_loss_per_day"": 0.015}"
sweep__B__tuned__seed4__days30__scale0.5__perfect0__drawnone,sweep,B,Bhopal,tuned,4,30,0.5,False,-1,0.0389932830458192,0.0557046900654561,2058.004684093304,1440.603278865313,80.24835915647215,24.684292860257504,78.44209684150638,21.53776763431929,22.850774012554048,15.043492603874482,0.0,0.0,0.0,0.0,67.03838540030111,66.97639921725529,57.26075806376839,9.715641153486908,4.890801357858148,0.0,-0.4615909830149912,0.523577166060803,0.125,0.2283681524982908,1360.0015515563423,0.0,30.9737974815664,5.502527160163118,3657024.761266183,0.0,1.4210854715202006e-13,4.827249711070183e-13,7.815970093361102e-14,2.8421709430404014e-14,4.827249711070183e-13,0,0,"{""absorption_nominal_cop"": 0.72, ""capture_fraction"": 0.7, ""hp_eta2"": 0.45, ""mechanical_chiller_nominal_cop"": 5.5, ""orc_eta2"": 0.55, ""store_loss_per_day"": 0.015}"
sweep__C__tuned__seed4__days30__scale3__perfect0__drawnone,sweep,C,Coimbatore,tuned,4,30,3.0,False,-1,0.284428684384241,0.4063266919774873,2323.5536755892144,1626.48757291245,660.8853150440079,219.5285642501228,583.5652873415103,215.9592013700004,570.2509696481293,276.6585333328843,0.0,0.0,0.0,0.0,33.50437631311714,33.29000716857912,33.29000716857912,0.0,80.67502143808206,0.0,-0.3002439609445789,0.5146131054826069,0.125,0.2283681524982908,965.248889715944,0.0,26.31675075213543,44.11923009770442,4265384.720382974,0.0,3.410605131648481e-13,4.67847982577041e-13,7.815970093361102e-14,3.375077994860477e-13,4.67847982577041e-13,0,0,"{""absorption_nominal_cop"": 0.72, ""capture_fraction"": 0.7, ""hp_eta2"": 0.45, ""mechanical_chiller_nominal_cop"": 5.5, ""orc_eta2"": 0.55, ""store_loss_per_day"": 0.015}"
sweep__B__tuned__seed0__days30__scale1__perfect0__drawnone,sweep,B,Bhopal,tuned,0,30,1.0,False,-1,0.0753297239073096,0.1076138912961566,2057.4003033027075,1440.180212311895,154.98339681460814,48.141034593450826,149.83183219617945,42.37805832845805,76.53418414895971,33.458771838587964,0.0,0.0,0.0,0.0,93.13147542051124,93.27204297636686,77.21082941659155,16.061213559775304,11.055108439277031,0.0,-0.5436906879493831,0.4031231320937758,0.125,0.2283681524982908,1284.843447344789,0.0,33.18397588743524,11.379310583510934,3862350.928800816,0.0,1.4210854715202006e-13,4.819478149897807e-13,7.815970093361102e-14,8.526512829121202e-14,4.819478149897807e-13,0,0,"{""absorption_nominal_cop"": 0.72, ""capture_fraction"": 0.7, ""hp_eta2"": 0.45, ""mechanical_chiller_nominal_cop"": 5.5, ""orc_eta2"": 0.55, ""store_loss_per_day"": 0.015}"
sweep__C__tuned__seed0__days30__scale5__perfect0__drawnone,sweep,C,Coimbatore,tuned,0,30,5.0,False,-1,0.3753067751015455,0.5361525358593507,2322.8713101804765,1626.0099171263334,871.7893403997363,284.54920047874793,807.6604401247263,255.03343107499472,805.2564124827134,317.576051932234,0.0,0.0,0.0,0.0,33.50607646353675,33.29383815116398,33.29383815116398,0.0,93.43243136639042,0.0,-0.3002439609445789,0.5124822733173641,0.125,0.2283681524982908,753.8672085740989,0.0,40.96515511964081,59.55696131239789,7235283.68147904,0.0,4.547473508864641e-13,4.547473508864641e-13,7.815970093361102e-14,4.547473508864641e-13,4.547473508864641e-13,0,0,"{""absorption_nominal_cop"": 0.72, ""capture_fraction"": 0.7, ""hp_eta2"": 0.45, ""mechanical_chiller_nominal_cop"": 5.5, ""orc_eta2"": 0.55, ""store_loss_per_day"": 0.015}"
sweep__B__tuned__seed1__days30__scale1__perfect0__drawnone,sweep,B,Bhopal,tuned,1,30,1.0,False,-1,0.0752909623216907,0.1075585176024153,2054.9241417694693,1438.4468992386282,154.71721613189783,48.03842142459602,149.95276563450852,42.27633760117374,76.244046579531,33.21382185217125,0.0,0.0,0.0,0.0,93.2977691247916,93.43607924344406,77.44254436532187,15.99353487812219,10.66484443946406,0.0,-0.5404906406103461,0.4021805219578838,0.125,0.2283681524982908,1283.3763149542324,0.0,33.17110540203661,11.13555676125178,3996926.686056853,0.0,1.7053025658242404e-13,4.821698595947055e-13,7.815970093361102e-14,8.526512829121202e-14,4.821698595947055e-13,0,0,"{""absorption_nominal_cop"": 0.72, ""capture_fraction"": 0.7, ""hp_eta2"": 0.45, ""mechanical_chiller_nominal_cop"": 5.5, ""orc_eta2"": 0.55, ""store_loss_per_day"": 0.015}"
sweep__C__tuned__seed1__days30__scale5__perfect0__drawnone,sweep,C,Coimbatore,tuned,1,30,5.0,False,-1,0.3749252805983554,0.5356075437119364,2320.075643933272,1624.05295075329,869.8550118110923,283.9329793376669,807.2271571943098,254.80185842563245,803.2686816964766,317.0137997055522,0.0,0.0,0.0,0.0,33.50550974673022,33.29328898556639,33.29328898556639,0.0,91.54675476765286,0.0,-0.3002439609445789,0.5124647221084245,0.125,0.2283681524982908,753.8445707896997,0.0,40.92696527051992,59.36238711377613,7233905.539899662,0.0,4.547473508864641e-13,4.547473508864641e-13,7.815970093361102e-14,3.240741008880832e-13,4.547473508864641e-13,0,0,"{""absorption_nominal_cop"": 0.72, ""capture_fraction"": 0.7, ""hp_eta2"": 0.45, ""mechanical_chiller_nominal_cop"": 5.5, ""orc_eta2"": 0.55, ""store_loss_per_day"": 0.015}"
sweep__B__tuned__seed2__days30__scale1__perfect0__drawnone,sweep,B,Bhopal,tuned,2,30,1.0,False,-1,0.075531018672907,0.10790145524701,2059.540285443439,1441.6781998104077,155.55917575743274,48.31941638492444,150.69232651127675,42.34244813030992,77.98806168523579,33.57868177799495,0.0,0.0,0.0,0.0,92.31184867912644,92.4475372909836,76.55877126631908,15.888766024664536,10.979506112627702,0.0,-0.5372484428122113,0.4015598309550489,0.125,0.2283681524982908,1285.7656559004763,0.0,32.9306643005254,11.369815234845856,3870083.803073344,0.0,1.4210854715202006e-13,4.799494135454552e-13,7.815970093361102e-14,8.526512829121202e-14,4.799494135454552e-13,0,0,"{""absorption_nominal_cop"": 0.72, ""capture_fraction"": 0.7, ""hp_eta2"": 0.45, ""mechanical_chiller_nominal_cop"": 5.5, ""orc_eta2"": 0.55, ""store_loss_per_day"": 0.015}"
sweep__C__tuned__seed2__days30__scale5__perfect0__drawnone,sweep,C,Coimbatore,tuned,2,30,5.0,False,-1,0.3752018559130598,0.5360026513043712,2325.2874190490447,1627.7011933343313,872.4521551584904,284.80467308030126,808.613116555442,254.91253860586852,805.5657299485072,318.18558854355405,0.0,0.0,0.0,0.0,33.50550974673022,33.292873697171785,33.292873697171785,0.0,93.51853702792228,0.0,-0.3002439609445789,0.5128800105030186,0.125,0.2283681524982908,754.8956700233426,0.0,40.95657631973325,59.35212591528593,7231103.435926225,0.0,3.410605131648481e-13,4.817257703848554e-13,7.815970093361102e-14,2.273736754432321e-13,4.817257703848554e-13,0,0,"{""absorption_nominal_cop"": 0.72, ""capture_fraction"": 0.7, ""hp_eta2"": 0.45, ""mechanical_chiller_nominal_cop"": 5.5, ""orc_eta2"": 0.55, ""store_loss_per_day"": 0.015}"
sweep__B__tuned__seed3__days30__scale1__perfect0__drawnone,sweep,B,Bhopal,tuned,3,30,1.0,False,-1,0.07531823196363,0.1075974742337572,2055.5952007413107,1438.9166405189176,154.82379615275883,48.09236873695009,149.64457990122042,42.40599670698331,76.40315178017624,33.432870275019816,0.0,0.0,0.0,0.0,93.08014283451284,93.21850991458528,77.16271909134308,16.05579082324221,11.003955361577578,0.0,-0.5403862521422668,0.4020191720698366,0.125,0.2283681524982908,1283.7394762136605,0.0,33.701794650143064,11.224957139316086,4136143.830282764,0.0,1.7053025658242404e-13,4.813927034774679e-13,7.815970093361102e-14,7.149836278586008e-14,4.813927034774679e-13,0,0,"{""absorption_nominal_cop"": 0.72, ""capture_fraction"": 0.7, ""hp_eta2"": 0.45, ""mechanical_chiller_nominal_cop"": 5.5, ""orc_eta2"": 0.55, ""store_loss_per_day"": 0.015}"
sweep__C__tuned__seed3__days30__scale5__perfect0__drawnone,sweep,C,Coimbatore,tuned,3,30,5.0,False,-1,0.3753849107888361,0.5362641582697658,2320.833291159544,1624.583303811681,871.2057979576864,284.3664069388885,807.3294104396482,254.90909356762748,804.6303198807517,317.4356511309511,0.0,0.0,0.0,0.0,33.506233884871904,33.29402762526821,33.29402762526821,0.0,93.12149462969543,0.0,-0.3002439609445789,0.5124502205482914,0.125,0.2283681524982908,753.0241377014964,0.0,41.2073262857723,59.20191783388915,7272415.303618468,0.0,4.547473508864641e-13,4.547473508864641e-13,7.815970093361102e-14,2.273736754432321e-13,4.547473508864641e-13,0,0,"{""absorption_nominal_cop"": 0.72, ""capture_fraction"": 0.7, ""hp_eta2"": 0.45, ""mechanical_chiller_nominal_cop"": 5.5, ""orc_eta2"": 0.55, ""store_loss_per_day"": 0.015}"
sweep__B__tuned__seed4__days30__scale1__perfect0__drawnone,sweep,B,Bhopal,tuned,4,30,1.0,False,-1,0.075540871308907,0.1079155304412957,2058.004684093304,1440.603278865313,155.4634669942201,48.27543660731621,150.51400155602337,42.16185522033251,77.46957994614486,33.42397412761109,0.0,0.0,0.0,0.0,92.84534952778034,92.9944915976494,77.0517212070064,15.942770390643002,11.212188895049438,0.0,-0.5500826412446579,0.4009405713756125,0.125,0.2283681524982908,1284.7864437185945,0.0,33.48819394792635,11.434474834878609,4019538.947921543,0.0,1.7053025658242404e-13,4.827249711070183e-13,7.815970093361102e-14,8.526512829121202e-14,4.827249711070183e-13,0,0,"{""absorption_nominal_cop"": 0.72, ""capture_fraction"": 0.7, ""hp_eta2"": 0.45, ""mechanical_chiller_nominal_cop"": 5.5, ""orc_eta2"": 0.55, ""store_loss_per_day"": 0.015}"
sweep__C__tuned__seed4__days30__scale5__perfect0__drawnone,sweep,C,Coimbatore,tuned,4,30,5.0,False,-1,0.3757478216394437,0.5367826023420625,2323.5536755892144,1626.48757291245,873.07023206497,284.9056863211391,810.7205755833152,254.54588432693407,807.0064828492953,317.463296104743,0.0,0.0,0.0,0.0,33.50613943207081,33.293886736371746,33.293886736371746,0.0,92.4972057801608,0.0,-0.3002439609445789,0.5124966566436667,0.125,0.2283681524982908,753.0639726949818,0.0,41.09576740485859,59.45945920146074,7280775.166587332,0.0,4.547473508864641e-13,4.736211423050918e-13,7.815970093361102e-14,4.547473508864641e-13,4.736211423050918e-13,0,0,"{""absorption_nominal_cop"": 0.72, ""capture_fraction"": 0.7, ""hp_eta2"": 0.45, ""mechanical_chiller_nominal_cop"": 5.5, ""orc_eta2"": 0.55, ""store_loss_per_day"": 0.015}"
sweep__B__tuned__seed0__days30__scale2__perfect0__drawnone,sweep,B,Bhopal,tuned,0,30,2.0,False,-1,0.1557614059283476,0.2225162941833538,2057.4003033027075,1440.180212311895,320.4635637998386,101.18706144675252,312.49184757455777,83.68271688693964,242.58661730513265,84.65205016015747,0.0,0.0,0.0,0.0,94.411957781301,94.60439304080948,78.1849930806492,16.41939996016027,25.66849604460224,0.0,-0.5500826412446579,0.357647381736186,0.125,0.2283681524982908,1119.3632803595583,0.0,31.140876310807705,22.498919380069086,4679853.358397128,0.0,2.842170943040401e-13,4.829470157119431e-13,7.815970093361102e-14,1.7053025658242404e-13,4.829470157119431e-13,0,0,"{""absorption_nominal_cop"": 0.72, ""capture_fraction"": 0.7, ""hp_eta2"": 0.45, ""mechanical_chiller_nominal_cop"": 5.5, ""orc_eta2"": 0.55, ""store_loss_per_day"": 0.015}"
sweep__B__tuned__seed1__days30__scale2__perfect0__drawnone,sweep,B,Bhopal,tuned,1,30,2.0,False,-1,0.1558332937057783,0.2226189910082548,2054.9241417694693,1438.4468992386282,320.2255973274562,101.10799279357668,312.6834161068875,83.59987561796198,242.1240343330455,84.55222140014172,0.0,0.0,0.0,0.0,94.65733438784568,94.85045001944596,78.57036306039521,16.28008695905076,25.24341402778376,0.0,-0.5500826412446579,0.3569670096443547,0.125,0.2283681524982908,1117.867933758674,0.0,31.115596213482103,22.46214176947157,4775593.019803669,0.0,2.557953848736361e-13,4.798383912429929e-13,7.815970093361102e-14,1.882938249764265e-13,4.798383912429929e-13,0,0,"{""absorption_nominal_cop"": 0.72, ""capture_fraction"": 0.7, ""hp_eta2"": 0.45, ""mechanical_chiller_nominal_cop"": 5.5, ""orc_eta2"": 0.55, ""store_loss_per_day"": 0.015}"
sweep__B__tuned__seed2__days30__scale2__perfect0__drawnone,sweep,B,Bhopal,tuned,2,30,2.0,False,-1,0.1561837852788389,0.2231196932554842,2059.540285443439,1441.6781998104077,321.6667977148169,101.52531061092937,313.8304136654295,83.9713306485211,244.17898703901244,84.57788886959766,0.0,0.0,0.0,0.0,94.4352324171361,94.62824900930993,77.87104360769258,16.757205401617323,25.583380603969403,0.0,-0.5500826412446579,0.3570660490708607,0.125,0.2283681524982908,1119.6580339430925,0.0,30.89250685331953,22.41925951234441,4675437.292179488,0.0,2.842170943040401e-13,4.781730567060549e-13,7.815970093361102e-14,1.7053025658242404e-13,4.781730567060549e-13,0,0,"{""absorption_nominal_cop"": 0.72, ""capture_fraction"": 0.7, ""hp_eta2"": 0.45, ""mechanical_chiller_nominal_cop"": 5.5, ""orc_eta2"": 0.55, ""store_loss_per_day"": 0.015}"
sweep__B__tuned__seed3__days30__scale2__perfect0__drawnone,sweep,B,Bhopal,tuned,3,30,2.0,False,-1,0.1557709238001145,0.2225298911430207,2055.5952007413107,1438.9166405189176,320.20196337855583,101.13385806470426,312.00475539071954,83.93575501300593,241.620686623592,84.85946776067964,0.0,0.0,0.0,0.0,94.8556670589885,95.04884300281296,78.65191640249498,16.396926600318025,25.588486983359125,0.0,-0.5500826412446579,0.3569066974201837,0.125,0.2283681524982908,1118.3613089878634,0.0,31.658249278195505,22.45143121517997,4905894.033404222,0.0,2.842170943040401e-13,4.760636329592671e-13,7.815970093361102e-14,1.7053025658242404e-13,4.760636329592671e-13,0,0,"{""absorption_nominal_cop"": 0.72, ""capture_fraction"": 0.7, ""hp_eta2"": 0.45, ""mechanical_chiller_nominal_cop"": 5.5, ""orc_eta2"": 0.55, ""store_loss_per_day"": 0.015}"
sweep__B__tuned__seed4__days30__scale2__perfect0__drawnone,sweep,B,Bhopal,tuned,4,30,2.0,False,-1,0.1561879517856705,0.2231256454081007,2058.004684093304,1440.603278865313,321.4355363738491,101.4442897148886,313.93585942413944,83.51497876391885,243.83274150629887,84.44155344676375,0.0,0.0,0.0,0.0,94.6055311356751,94.7993737755896,78.40211721774274,16.397256557846887,25.622830540594,0.0,-0.5500826412446579,0.356240001330141,0.125,0.2283681524982908,1118.8143743389653,0.0,31.399881886908485,22.7038857753908,4808611.806882421,0.0,2.842170943040401e-13,4.714006962558417e-13,7.815970093361102e-14,2.273736754432321e-13,4.714006962558417e-13,0,0,"{""absorption_nominal_cop"": 0.72, ""capture_fraction"": 0.7, ""hp_eta2"": 0.45, ""mechanical_chiller_nominal_cop"": 5.5, ""orc_eta2"": 0.55, ""store_loss_per_day"": 0.015}"
sweep__A__tuned__seed3__days30__scale0.5__perfect0__drawnone,sweep,A,Nagpur,tuned,3,30,0.5,False,-1,0.0496193455178471,0.0708847793112102,2486.60709767094,1740.6249683696583,123.38381674646548,46.984052174469575,51.68453254709163,26.381210860495017,32.24692527144233,22.933004438572507,85.14793334090677,54.37968214810433,0.0,0.0,30.04000587001341,29.21392919782146,20.7765102559086,8.437418941912865,6.328115500249653,2.0925481904912666,0.1150350033189997,0.7110416688729482,0.125,0.2283681524982908,1616.8877834706948,0.0,20.38287215528464,7.270285121239301,5410801.060323319,0.0,1.4210854715202006e-13,4.677369602745787e-13,7.815970093361102e-14,2.8421709430404014e-14,4.677369602745787e-13,0,0,"{""absorption_nominal_cop"": 0.72, ""capture_fraction"": 0.7, ""hp_eta2"": 0.45, ""mechanical_chiller_nominal_cop"": 5.5, ""orc_eta2"": 0.55, ""store_loss_per_day"": 0.015}"
sweep__B__tuned__seed3__days30__scale3__perfect0__drawnone,sweep,B,Bhopal,tuned,3,30,3.0,False,-1,0.2359142246884859,0.3370203209835513,2055.5952007413107,1438.9166405189176,484.9441480562589,155.27672499425853,467.9371530216446,129.8260512432994,398.0902684994626,148.36680874754592,0.0,0.0,0.0,0.0,93.76379580350893,93.95788885068556,82.2351222496053,11.72276660108026,42.65176183275011,0.0,-0.5500826412446579,0.3559895940680247,0.125,0.2283681524982908,953.6191243101604,0.0,31.21494631455875,33.75130592973226,5706321.106524042,0.0,3.410605131648481e-13,4.750644322371045e-13,7.815970093361102e-14,2.948752353404417e-13,4.750644322371045e-13,0,0,"{""absorption_nominal_cop"": 0.72, ""capture_fraction"": 0.7, ""hp_eta2"": 0.45, ""mechanical_chiller_nominal_cop"": 5.5, ""orc_eta2"": 0.55, ""store_loss_per_day"": 0.015}"
sweep__A__tuned__seed4__days30__scale0.5__perfect0__drawnone,sweep,A,Nagpur,tuned,4,30,0.5,False,-1,0.0484358439575369,0.0691940627964814,2489.521795274158,1742.6652566919108,120.58208920478648,45.72464978814998,51.98715014644603,26.17360128402083,32.39547961226341,22.591987045847468,81.22385644966212,52.14298730480054,0.0,0.0,30.09541588516345,29.275192481198022,20.87558751012679,8.399604971071236,6.101907708842044,1.7873743478491435,0.1114372072760347,0.7087861966893984,0.125,0.2283681524982908,1621.7297993346265,0.0,21.381500864384343,7.09616396776234,5392015.7217445765,0.0,1.7053025658242404e-13,4.816147480823929e-13,7.815970093361102e-14,2.8421709430404014e-14,4.816147480823929e-13,0,0,"{""absorption_nominal_cop"": 0.72, ""capture_fraction"": 0.7, ""hp_eta2"": 0.45, ""mechanical_chiller_nominal_cop"": 5.5, ""orc_eta2"": 0.55, ""store_loss_per_day"": 0.015}"
sweep__B__tuned__seed4__days30__scale3__perfect0__drawnone,sweep,B,Bhopal,tuned,4,30,3.0,False,-1,0.2365715178933073,0.3379593112761532,2058.004684093304,1440.603278865313,486.86529194748937,155.78200538022614,470.8409803089361,129.14218288880892,400.8366062028925,147.92119980194292,0.0,0.0,0.0,0.0,93.88949132288003,94.08284423626162,82.49017799543375,11.592666240827848,42.85748704335201,0.0,-0.5500826412446579,0.356729727863092,0.125,0.2283681524982908,953.3846187653252,0.0,30.961833252348427,34.06380075265324,5627397.523207921,0.0,3.410605131648481e-13,4.803935027553052e-13,7.815970093361102e-14,3.410605131648481e-13,4.803935027553052e-13,0,0,"{""absorption_nominal_cop"": 0.72, ""capture_fraction"": 0.7, ""hp_eta2"": 0.45, ""mechanical_chiller_nominal_cop"": 5.5, ""orc_eta2"": 0.55, ""store_loss_per_day"": 0.015}"
sweep__A__tuned__seed0__days30__scale1__perfect0__drawnone,sweep,A,Nagpur,tuned,0,30,1.0,False,-1,0.1013968919760212,0.1448527028228875,2488.7906894790817,1742.153482635357,252.355640692038,95.98437599431176,108.31855137329984,54.08904289884092,72.37865235027195,47.3869481655576,172.6199592412197,109.502534322559,0.0,0.0,55.95445692930044,55.94296957706081,39.08396367230261,16.859005904758188,13.3009758207496,5.600514339864687,-0.5344313232487149,0.5459186754883522,0.125,0.2283681524982908,1489.4444737908211,0.0,17.106890246096757,14.884841712087423,5697822.172156183,0.0,2.842170943040401e-13,4.812816811750056e-13,7.815970093361102e-14,5.684341886080804e-14,4.812816811750056e-13,0,0,"{""absorption_nominal_cop"": 0.72, ""capture_fraction"": 0.7, ""hp_eta2"": 0.45, ""mechanical_chiller_nominal_cop"": 5.5, ""orc_eta2"": 0.55, ""store_loss_per_day"": 0.015}"
sweep__B__tuned__seed0__days30__scale5__perfect0__drawnone,sweep,B,Bhopal,tuned,0,30,5.0,False,-1,0.371383940463774,0.5305484863768202,2057.4003033027075,1440.180212311895,764.0854317519234,246.3105837913344,735.8568052033036,199.68636377321363,675.8856560266872,249.3288162465297,0.0,0.0,0.0,0.0,85.18154327004086,85.40695013669385,81.53352119181403,3.8734289448798345,75.07825343339354,0.0,-0.5500826412446579,0.3246757745916537,0.125,0.2283681524982908,675.7414124074737,0.0,34.95727533472815,53.69770932204087,7421455.717793721,0.0,4.547473508864641e-13,4.80504525057768e-13,7.815970093361102e-14,3.410605131648481e-13,4.80504525057768e-13,0,0,"{""absorption_nominal_cop"": 0.72, ""capture_fraction"": 0.7, ""hp_eta2"": 0.45, ""mechanical_chiller_nominal_cop"": 5.5, ""orc_eta2"": 0.55, ""store_loss_per_day"": 0.015}"
sweep__A__tuned__seed1__days30__scale1__perfect0__drawnone,sweep,A,Nagpur,tuned,1,30,1.0,False,-1,0.1021328143758709,0.1459040205369584,2485.7953327856485,1740.0567329499538,253.8812732998029,96.69511054982377,108.36963838487102,53.909344752241246,72.42542331529953,47.14950333606026,175.4145610845073,112.18418178137878,0.0,0.0,55.58689611375958,55.59380546675043,38.78990395270786,16.803901514042572,12.889748980997942,4.506098595728176,-0.5500826412446579,0.5431732882537956,0.125,0.2283681524982908,1485.8220914976528,0.0,16.502783634288583,15.001519446000575,5688652.362019223,0.0,2.842170943040401e-13,4.812816811750056e-13,7.815970093361102e-14,5.684341886080804e-14,4.812816811750056e-13,0,0,"{""absorption_nominal_cop"": 0.72, ""capture_fraction"": 0.7, ""hp_eta2"": 0.45, ""mechanical_chiller_nominal_cop"": 5.5, ""orc_eta2"": 0.55, ""store_loss_per_day"": 0.015}"
sweep__B__tuned__seed1__days30__scale5__perfect0__drawnone,sweep,B,Bhopal,tuned,1,30,5.0,False,-1,0.3716720968742851,0.530960138391836,2054.9241417694693,1438.4468992386282,763.7579646890495,246.2534793825252,736.4871790898195,199.93397333882243,674.5534334872011,249.6777677786289,0.0,0.0,0.0,0.0,85.78024280574463,86.00495074337852,82.13296391317613,3.871986830202384,73.81499958056651,0.0,-0.5500826412446579,0.3253747036107811,0.125,0.2283681524982908,674.3355663970808,0.0,34.89020190846856,53.746367337927815,7432787.6783850845,0.0,4.547473508864641e-13,4.720668300706168e-13,7.815970093361102e-14,3.410605131648481e-13,4.720668300706168e-13,0,0,"{""absorption_nominal_cop"": 0.72, ""capture_fraction"": 0.7, ""hp_eta2"": 0.45, ""mechanical_chiller_nominal_cop"": 5.5, ""orc_eta2"": 0.55, ""store_loss_per_day"": 0.015}"
sweep__A__tuned__seed2__days30__scale1__perfect0__drawnone,sweep,A,Nagpur,tuned,2,30,1.0,False,-1,0.1003461391671033,0.1433516273815762,2491.379377552548,1743.965564286783,250.00030173793925,94.9385214177936,108.72589656680483,54.040479348632914,72.97516522738844,47.47821661957976,169.0644034321805,108.16016238208243,0.0,0.0,55.42103787658414,55.429311044262185,38.67045075180869,16.758860292453488,13.116316975792612,4.57978245113408,-0.5500826412446579,0.5418094735666052,0.125,0.2283681524982908,1493.611894396346,0.0,17.370363499026844,14.727247312052471,5688910.823503187,0.0,2.842170943040401e-13,4.710676293484539e-13,7.815970093361102e-14,8.526512829121202e-14,4.710676293484539e-13,0,0,"{""absorption_nominal_cop"": 0.72, ""capture_fraction"": 0.7, ""hp_eta2"": 0.45, ""mechanical_chiller_nominal_cop"": 5.5, ""orc_eta2"": 0.55, ""store_loss_per_day"": 0.015}"
sweep__B__tuned__seed2__days30__scale5__perfect0__drawnone,sweep,B,Bhopal,tuned,2,30,5.0,False,-1,0.3718372096596251,0.5311960137994644,2059.540285443439,1441.6781998104077,765.8137129208762,246.64563886311203,739.792560120071,198.8829719674129,678.5966770955972,247.80388946351343,0.0,0.0,0.0,0.0,86.05878522487743,86.28158978751323,82.23032577354182,4.051264013971399,74.00662425913993,0.0,-0.5500826412446579,0.327278078608873,0.125,0.2283681524982908,675.5111187370331,0.0,34.772017641535,53.44100482185727,7385670.619744563,0.0,4.547473508864641e-13,4.739542092124793e-13,7.815970093361102e-14,3.339550858072472e-13,4.739542092124793e-13,0,0,"{""absorption_nominal_cop"": 0.72, ""capture_fraction"": 0.7, ""hp_eta2"": 0.45, ""mechanical_chiller_nominal_cop"": 5.5, ""orc_eta2"": 0.55, ""store_loss_per_day"": 0.015}"
sweep__A__tuned__seed3__days30__scale1__perfect0__drawnone,sweep,A,Nagpur,tuned,3,30,1.0,False,-1,0.1047991148465392,0.1497130212093417,2486.60709767094,1740.6249683696583,260.59422280703643,99.65181795162232,108.17683502425486,54.10703113098556,72.69384751763376,47.39247976075489,184.81862720806515,117.8067363122304,0.0,0.0,55.34108627220496,55.34925530084925,38.51060644817611,16.838648852673145,13.151716423997488,4.88278438689004,-0.5500826412446579,0.5419136126003671,0.125,0.2283681524982908,1479.6773774101237,0.0,15.814346885920918,15.407329284878273,5749139.149465846,0.0,2.842170943040401e-13,4.816147480823929e-13,7.815970093361102e-14,5.684341886080804e-14,4.816147480823929e-13,0,0,"{""absorption_nominal_cop"": 0.72, ""capture_fraction"": 0.7, ""hp_eta2"": 0.45, ""mechanical_chiller_nominal_cop"": 5.5, ""orc_eta2"": 0.55, ""store_loss_per_day"": 0.015}"
sweep__B__tuned__seed3__days30__scale5__perfect0__drawnone,sweep,B,Bhopal,tuned,3,30,5.0,False,-1,0.3718803231526645,0.5312576045038065,2055.5952007413107,1438.9166405189176,764.435407522745,246.55784014569903,735.9406755306503,200.728660806982,674.5031817858268,250.70757713936047,0.0,0.0,0.0,0.0,85.7824887432566,86.00679997960725,82.20771831567518,3.7990816639320784,74.54822256716234,0.0,-0.5500826412446579,0.3257714048939872,0.125,0.2283681524982908,674.1278648436743,0.0,35.33006033914309,53.45360597222298,7539370.957005447,0.0,4.547473508864641e-13,4.803935027553052e-13,7.815970093361102e-14,3.339550858072472e-13,4.803935027553052e-13,0,0,"{""absorption_nominal_cop"": 0.72, ""capture_fraction"": 0.7, ""hp_eta2"": 0.45, ""mechanical_chiller_nominal_cop"": 5.5, ""orc_eta2"": 0.55, ""store_loss_per_day"": 0.015}"
sweep__A__tuned__seed4__days30__scale1__perfect0__drawnone,sweep,A,Nagpur,tuned,4,30,1.0,False,-1,0.1027876526182647,0.1468395037403782,2489.521795274158,1742.6652566919108,255.892101478239,97.5183430053636,108.83296556209336,53.84479206435234,72.98211129291539,47.24182565078621,177.62469353948393,113.76524267399844,0.0,0.0,55.56181400041706,55.57116834653863,38.78585628329177,16.78531206324685,13.117347663794542,4.287553394610039,-0.5500826412446579,0.5407282951230937,0.125,0.2283681524982908,1486.4197870611736,0.0,16.60433541234543,15.113934624680024,5726102.009498278,0.0,3.410605131648481e-13,4.803935027553052e-13,7.815970093361102e-14,5.684341886080804e-14,4.803935027553052e-13,0,0,"{""absorption_nominal_cop"": 0.72, ""capture_fraction"": 0.7, ""hp_eta2"": 0.45, ""mechanical_chiller_nominal_cop"": 5.5, ""orc_eta2"": 0.55, ""store_loss_per_day"": 0.015}"
sweep__B__tuned__seed4__days30__scale5__perfect0__drawnone,sweep,B,Bhopal,tuned,4,30,5.0,False,-1,0.3724207129597037,0.5320295899424338,2058.004684093304,1440.603278865313,766.4435717244381,246.905459746774,740.212827564172,198.54613582940488,678.7118816892684,248.54350239200988,0.0,0.0,0.0,0.0,86.09364738993385,86.31786348342773,82.48813899796377,3.829724485463954,74.81428417112906,0.0,-0.5500826412446579,0.3258665477507748,0.125,0.2283681524982908,673.8063389883765,0.0,35.18798343753736,53.77811937889052,7496008.8306262735,0.0,4.547473508864641e-13,4.7706283368143e-13,7.815970093361102e-14,3.410605131648481e-13,4.7706283368143e-13,0,0,"{""absorption_nominal_cop"": 0.72, ""capture_fraction"": 0.7, ""hp_eta2"": 0.45, ""mechanical_chiller_nominal_cop"": 5.5, ""orc_eta2"": 0.55, ""store_loss_per_day"": 0.015}"
sweep__A__tuned__seed0__days30__scale2__perfect0__drawnone,sweep,A,Nagpur,tuned,0,30,2.0,False,-1,0.184409860268397,0.2634426575262815,2488.7906894790817,1742.153482635357,458.95754328412494,173.33382252393486,216.6673237294299,107.85432973950088,183.6508298140649,108.6987393063262,279.83475468518736,182.0280186373136,0.0,0.0,60.10704200248136,60.203431195679705,39.73131266267481,20.47211853300489,28.03134684713996,4.7670289265372245,-0.5500826412446579,0.4536934480463161,0.125,0.2283681524982908,1282.842571198734,0.0,22.78794875586496,27.12490036480221,6449662.371492721,0.0,4.547473508864641e-13,4.807265696626928e-13,7.815970093361102e-14,1.1368683772161605e-13,4.807265696626928e-13,0,0,"{""absorption_nominal_cop"": 0.72, ""capture_fraction"": 0.7, ""hp_eta2"": 0.45, ""mechanical_chiller_nominal_cop"": 5.5, ""orc_eta2"": 0.55, ""store_loss_per_day"": 0.015}"
sweep__C__tuned__seed0__days30__scale0.5__perfect0__drawnone,sweep,C,Coimbatore,tuned,0,30,0.5,False,-1,0.0483800309922171,0.0691143299888816,2322.8713101804765,1626.0099171263334,112.38058597746358,37.36373930291874,97.66016346670092,37.17569163568264,72.61673241170993,47.36332936020744,0.0,0.0,0.0,0.0,29.764263508464925,28.67286848023713,28.61213497652454,0.0607335037125977,13.817075149770954,0.0,0.3504258429492729,0.7409691852785192,0.125,0.2283681524982908,1513.2759629963716,0.0,25.09589067928474,5.509372659554991,2074940.4235564647,0.0,1.1368683772161605e-13,4.827249711070183e-13,7.815970093361102e-14,4.263256414560601e-14,4.827249711070183e-13,0,0,"{""absorption_nominal_cop"": 0.72, ""capture_fraction"": 0.7, ""hp_eta2"": 0.45, ""mechanical_chiller_nominal_cop"": 5.5, ""orc_eta2"": 0.55, ""store_loss_per_day"": 0.015}"
sweep__A__tuned__seed1__days30__scale2__perfect0__drawnone,sweep,A,Nagpur,tuned,1,30,2.0,False,-1,0.1850425295287279,0.2643464707553256,2485.7953327856485,1740.0567329499538,459.97785626936246,173.83047546433318,216.8350001994401,107.34009695191408,182.758860414649,108.02905824397504,282.4152257220628,184.7530754869392,0.0,0.0,60.60518735300872,60.69980702211033,40.23616709893452,20.46363992317582,27.312628529380184,3.3418589419804667,-0.5500826412446579,0.4554629721430607,0.125,0.2283681524982908,1279.7255085280929,0.0,22.586905681850897,27.228653891076668,6432451.248322321,0.0,4.547473508864641e-13,4.826139488045555e-13,7.815970093361102e-14,1.1368683772161605e-13,4.826139488045555e-13,0,0,"{""absorption_nominal_cop"": 0.72, ""capture_fraction"": 0.7, ""hp_eta2"": 0.45, ""mechanical_chiller_nominal_cop"": 5.5, ""orc_eta2"": 0.55, ""store_loss_per_day"": 0.015}"
sweep__C__tuned__seed1__days30__scale0.5__perfect0__drawnone,sweep,C,Coimbatore,tuned,1,30,0.5,False,-1,0.0481373109436206,0.0687675870623151,2320.075643933272,1624.05295075329,111.68220268473674,37.097874664480855,97.61924542105936,36.61828986765434,72.55756014505167,46.75228715526509,0.0,0.0,0.0,0.0,29.470230048900834,28.359023945167944,28.29881721161413,0.0602067335538151,13.431335956771026,0.0,0.3650784587565652,0.7461276449763237,0.125,0.2283681524982908,1512.0173799160552,0.0,25.333315121516826,5.631912160853956,2119293.991702028,0.0,8.526512829121202e-14,4.800604358479177e-13,7.815970093361102e-14,4.263256414560601e-14,4.800604358479177e-13,0,0,"{""absorption_nominal_cop"": 0.72, ""capture_fraction"": 0.7, ""hp_eta2"": 0.45, ""mechanical_chiller_nominal_cop"": 5.5, ""orc_eta2"": 0.55, ""store_loss_per_day"": 0.015}"
sweep__A__tuned__seed2__days30__scale2__perfect0__drawnone,sweep,A,Nagpur,tuned,2,30,2.0,False,-1,0.1831019354909931,0.2615741935585617,2491.379377552548,1743.965564286783,456.1763860722173,172.0318312464441,217.6365790719705,107.49612502615086,184.71323945666936,108.47301842443964,275.3391180336971,179.50513482167852,0.0,0.0,59.68284140385527,59.78219633986091,39.46163329117016,20.32056304869074,27.83575012284853,4.307602773926275,-0.5500826412446579,0.4507277052390328,0.125,0.2283681524982908,1287.4358100620675,0.0,23.04548410686024,26.924829485146244,6437163.782044873,0.0,4.547473508864641e-13,4.756195437494173e-13,7.815970093361102e-14,1.7053025658242404e-13,4.756195437494173e-13,0,0,"{""absorption_nominal_cop"": 0.72, ""capture_fraction"": 0.7, ""hp_eta2"": 0.45, ""mechanical_chiller_nominal_cop"": 5.5, ""orc_eta2"": 0.55, ""store_loss_per_day"": 0.015}"
sweep__C__tuned__seed2__days30__scale0.5__perfect0__drawnone,sweep,C,Coimbatore,tuned,2,30,0.5,False,-1,0.0484632740793623,0.0692332486848033,2325.2874190490447,1627.7011933343313,112.69104150266686,37.455020331156746,98.15167029886796,37.14472910080167,73.24733682954295,47.38188336001644,0.0,0.0,0.0,0.0,29.516841644264225,28.40305477832336,28.35377801753789,0.0492767607854738,13.73587556821312,0.0,0.3752452836947963,0.7385415822460597,0.125,0.2283681524982908,1514.6567836791662,0.0,24.88791790398659,5.543051685619283,2033897.9103516303,0.0,9.947598300641405e-14,4.827249711070183e-13,7.815970093361102e-14,5.684341886080804e-14,4.827249711070183e-13,0,0,"{""absorption_nominal_cop"": 0.72, ""capture_fraction"": 0.7, ""hp_eta2"": 0.45, ""mechanical_chiller_nominal_cop"": 5.5, ""orc_eta2"": 0.55, ""store_loss_per_day"": 0.015}"
sweep__A__tuned__seed3__days30__scale2__perfect0__drawnone,sweep,A,Nagpur,tuned,3,30,2.0,False,-1,0.1884887890615465,0.2692696986593522,2486.60709767094,1740.6249683696583,468.6975607118424,177.6675493612059,216.39257208271368,108.04199114293074,183.10070012820483,108.68669651834404,294.25552412520943,191.61781138724533,0.0,0.0,60.32218930128997,60.4196156419772,39.82960938753657,20.59000625444063,27.7724490628817,3.9967566267439474,-0.5500826412446579,0.4526563005574404,0.125,0.2283681524982908,1271.5740395053176,0.0,22.44615525273996,27.748961842462183,6513334.591725938,0.0,4.547473508864641e-13,4.795053243356051e-13,7.815970093361102e-14,1.1368683772161605e-13,4.795053243356051e-13,0,0,"{""absorption_nominal_cop"": 0.72, ""capture_fraction"": 0.7, ""hp_eta2"": 0.45, ""mechanical_chiller_nominal_cop"": 5.5, ""orc_eta2"": 0.55, ""store_loss_per_day"": 0.015}"
sweep__C__tuned__seed3__days30__scale0.5__perfect0__drawnone,sweep,C,Coimbatore,tuned,3,30,0.5,False,-1,0.048412722434981,0.0691610320499729,2320.833291159544,1624.583303811681,112.35785794277052,37.36102924002294,97.66058331494489,37.22738358624839,72.84706968453355,47.39933740669933,0.0,0.0,0.0,0.0,29.47248009156056,28.33288543289836,28.26630236687782,0.0665830660205386,13.691325622938002,0.0,0.3938670983307297,0.7457275603314735,0.125,0.2283681524982908,1511.8720777164124,0.0,25.342338880769063,5.559234283569719,2185911.7601756817,0.0,8.526512829121202e-14,4.818367926873179e-13,7.815970093361102e-14,4.263256414560601e-14,4.818367926873179e-13,0,0,"{""absorption_nominal_cop"": 0.72, ""capture_fraction"": 0.7, ""hp_eta2"": 0.45, ""mechanical_chiller_nominal_cop"": 5.5, ""orc_eta2"": 0.55, ""store_loss_per_day"": 0.015}"
sweep__A__tuned__seed4__days30__scale2__perfect0__drawnone,sweep,A,Nagpur,tuned,4,30,2.0,False,-1,0.1855424434831426,0.2650606335473466,2489.521795274158,1742.6652566919108,461.9119569997073,174.56955812658393,217.72970895545149,107.31390358662505,184.4222743406024,108.47053828943164,283.69228181879936,185.32373502254896,0.0,0.0,59.89642067745783,59.995841860174494,39.84335482464307,20.15248703553141,27.845041948131914,3.46227317024538,-0.5500826412446579,0.4506614585280042,0.125,0.2283681524982908,1280.3999315397052,0.0,23.01772139693773,27.32192482274713,6485702.767715583,0.0,4.547473508864641e-13,4.823919041996305e-13,7.815970093361102e-14,1.1368683772161605e-13,4.823919041996305e-13,0,0,"{""absorption_nominal_cop"": 0.72, ""capture_fraction"": 0.7, ""hp_eta2"": 0.45, ""mechanical_chiller_nominal_cop"": 5.5, ""orc_eta2"": 0.55, ""store_loss_per_day"": 0.015}"
sweep__C__tuned__seed4__days30__scale0.5__perfect0__drawnone,sweep,C,Coimbatore,tuned,4,30,0.5,False,-1,0.0482151827066559,0.0688788324380799,2323.5536755892144,1626.48757291245,112.03056499725596,37.219214473586064,97.92291107959451,36.7259947944075,72.85844535295487,46.95101018648762,0.0,0.0,0.0,0.0,29.440323931399533,28.43535135852905,28.3707013176052,0.0646500409238528,13.59590102396953,0.0,0.2681310839755179,0.7368414888949676,0.125,0.2283681524982908,1514.1036397626958,0.0,25.545478349597605,5.59209443284728,2146213.6376175266,0.0,9.947598300641405e-14,4.823919041996305e-13,7.815970093361102e-14,5.684341886080804e-14,4.823919041996305e-13,0,0,"{""absorption_nominal_cop"": 0.72, ""capture_fraction"": 0.7, ""hp_eta2"": 0.45, ""mechanical_chiller_nominal_cop"": 5.5, ""orc_eta2"": 0.55, ""store_loss_per_day"": 0.015}"
sweep__A__tuned__seed0__days30__scale3__perfect0__drawnone,sweep,A,Nagpur,tuned,0,30,3.0,False,-1,0.2422750192021886,0.3461071702888409,2488.7906894790817,1742.153482635357,602.9718120837729,223.9217725261628,325.0934686219276,162.2741621932743,309.2242868081961,183.4086203167264,291.2812398685347,190.7562761874291,0.0,0.0,42.979437616478535,43.13816411745698,26.718293047705245,16.419871069751732,48.40344042717757,3.932531491502193,-0.5500826412446579,0.3913561402662256,0.125,0.2283681524982908,1138.8283023990862,0.0,31.09022241965076,35.4681009741893,7255717.119060788,0.0,5.684341886080801e-13,4.791722574282178e-13,7.815970093361102e-14,2.273736754432321e-13,5.684341886080801e-13,0,0,"{""absorption_nominal_cop"": 0.72, ""capture_fraction"": 0.7, ""hp_eta2"": 0.45, ""mechanical_chiller_nominal_cop"": 5.5, ""orc_eta2"": 0.55, ""store_loss_per_day"": 0.015}"
sweep__C__tuned__seed0__days30__scale1__perfect0__drawnone,sweep,C,Coimbatore,tuned,0,30,1.0,False,-1,0.0966418417589573,0.1380597739413676,2322.8713101804765,1626.0099171263334,224.4865615848836,74.8171518053826,195.2579490374184,75.70734755993811,165.5764377059707,96.31321404257169,0.0,0.0,0.0,0.0,37.414061641723706,37.150299250028425,37.13192551984624,0.0183737301821842,28.07465440121432,0.0,-0.3002439609445789,0.5640063526398585,0.125,0.2283681524982908,1401.1699873889518,0.0,24.7365836667222,12.45169090167482,2488248.872370316,0.0,1.9895196601282805e-13,4.830580380144056e-13,7.815970093361102e-14,8.526512829121202e-14,4.830580380144056e-13,0,0,"{""absorption_nominal_cop"": 0.72, ""capture_fraction"": 0.7, ""hp_eta2"": 0.45, ""mechanical_chiller_nominal_cop"": 5.5, ""orc_eta2"": 0.55, ""store_loss_per_day"": 0.015}"
sweep__A__tuned__seed1__days30__scale3__perfect0__drawnone,sweep,A,Nagpur,tuned,1,30,3.0,False,-1,0.2429625886649384,0.3470894123784835,2485.7953327856485,1740.0567329499538,603.9552689448233,224.4379040020454,325.3020838173853,161.73746093779167,308.9748710971832,182.6844110933049,294.1991879089053,193.91257438989223,0.0,0.0,42.53470284747521,42.69576679832709,26.252341038422696,16.443425759904397,47.31550423363826,2.302031361788264,-0.5500826412446579,0.3890186903927723,0.125,0.2283681524982908,1135.7480958526326,0.0,30.94688869715192,35.586925381522214,7232046.12744501,0.0,4.547473508864641e-13,4.711786516509164e-13,7.815970093361102e-14,2.273736754432321e-13,4.711786516509164e-13,0,0,"{""absorption_nominal_cop"": 0.72, ""capture_fraction"": 0.7, ""hp_eta2"": 0.45, ""mechanical_chiller_nominal_cop"": 5.5, ""orc_eta2"": 0.55, ""store_loss_per_day"": 0.015}"
sweep__C__tuned__seed1__days30__scale1__perfect0__drawnone,sweep,C,Coimbatore,tuned,1,30,1.0,False,-1,0.0964230366015537,0.1377471951450767,2320.075643933272,1624.05295075329,223.7087387333512,74.55214156301082,195.1871561021196,75.45485782579499,164.46985483491724,95.92516335518904,0.0,0.0,0.0,0.0,37.86586210625572,37.59757353329133,37.577180022399126,0.0203935108922115,27.350577795483066,0.0,-0.3002439609445789,0.5685325339089643,0.125,0.2283681524982908,1399.9908438674406,0.0,24.73065776509129,12.503402299361587,2523599.572037006,0.0,1.7053025658242404e-13,4.828359934094806e-13,7.815970093361102e-14,8.526512829121202e-14,4.828359934094806e-13,0,0,"{""absorption_nominal_cop"": 0.72, ""capture_fraction"": 0.7, ""hp_eta2"": 0.45, ""mechanical_chiller_nominal_cop"": 5.5, ""orc_eta2"": 0.55, ""store_loss_per_day"": 0.015}"
sweep__A__tuned__seed2__days30__scale3__perfect0__drawnone,sweep,A,Nagpur,tuned,2,30,3.0,False,-1,0.2409515655897091,0.3442165222710131,2491.379377552548,1743.965564286783,600.3017614992016,222.63425606612404,326.4848658293581,162.1284597281374,310.75623233674946,183.06446677200944,286.739547263882,187.9546289486869,0.0,0.0,42.37577119268462,42.53564559737721,26.04389782177512,16.491747775602082,47.74301914864064,3.725227606677635,-0.5500826412446579,0.3902082365520677,0.125,0.2283681524982908,1143.3104346350838,0.0,31.21805330164108,35.25625111837607,7237883.384540198,0.0,4.547473508864641e-13,4.767297667740422e-13,7.815970093361102e-14,1.7053025658242404e-13,4.767297667740422e-13,0,0,"{""absorption_nominal_cop"": 0.72, ""capture_fraction"": 0.7, ""hp_eta2"": 0.45, ""mechanical_chiller_nominal_cop"": 5.5, ""orc_eta2"": 0.55, ""store_loss_per_day"": 0.015}"
sweep__C__tuned__seed2__days30__scale1__perfect0__drawnone,sweep,C,Coimbatore,tuned,2,30,1.0,False,-1,0.096748286370317,0.1382118376718814,2325.2874190490447,1627.7011933343313,224.9675731114523,74.95810483023597,196.1298425263972,75.64974816716398,166.51523330826387,96.3374896582386,0.0,0.0,0.0,0.0,37.07295497518576,36.81355587168133,36.79803137421902,0.0155244974623029,27.88668814462265,0.0,-0.3002439609445789,0.5596430644490197,0.125,0.2283681524982908,1402.380252070381,0.0,24.558484117924213,12.490190593086217,2448808.5132087204,0.0,1.9895196601282805e-13,4.725109192804666e-13,7.815970093361102e-14,1.1368683772161605e-13,4.725109192804666e-13,0,0,"{""absorption_nominal_cop"": 0.72, ""capture_fraction"": 0.7, ""hp_eta2"": 0.45, ""mechanical_chiller_nominal_cop"": 5.5, ""orc_eta2"": 0.55, ""store_loss_per_day"": 0.015}"
sweep__A__tuned__seed3__days30__scale3__perfect0__drawnone,sweep,A,Nagpur,tuned,3,30,3.0,False,-1,0.246635783662412,0.3523368338034457,2486.60709767094,1740.6249683696583,613.2862901945882,228.57700275281533,324.58885812407044,162.32240594008002,308.9657442211632,183.4255530966516,307.1427496438928,201.5251092606065,0.0,0.0,42.32924598569596,42.49152368501754,26.017812420143656,16.473711264873884,47.97155693868178,3.00584060063032,-0.5500826412446579,0.3878049419230746,0.125,0.2283681524982908,1126.985310022572,0.0,31.02652593451008,36.12945440801952,7336992.259822052,0.0,4.547473508864641e-13,4.675149156696534e-13,7.815970093361102e-14,2.273736754432321e-13,4.675149156696534e-13,0,0,"{""absorption_nominal_cop"": 0.72, ""capture_fraction"": 0.7, ""hp_eta2"": 0.45, ""mechanical_chiller_nominal_cop"": 5.5, ""orc_eta2"": 0.55, ""store_loss_per_day"": 0.015}"
sweep__C__tuned__seed3__days30__scale1__perfect0__drawnone,sweep,C,Coimbatore,tuned,3,30,1.0,False,-1,0.0964220426513884,0.1377457752162692,2320.833291159544,1624.583303811681,223.7794865869478,74.61101732178851,194.6589778089169,75.72535004351076,164.64095489405818,96.28752798983984,0.0,0.0,0.0,0.0,37.462021024838265,37.19807288922703,37.1802853466781,0.01778754254893,27.74222792069737,0.0,-0.3002439609445789,0.5641920965558299,0.125,0.2283681524982908,1400.450449072235,0.0,25.173972206341386,12.374237535447394,2591816.784202551,0.0,1.7053025658242404e-13,4.818367926873179e-13,7.815970093361102e-14,8.526512829121202e-14,4.818367926873179e-13,0,0,"{""absorption_nominal_cop"": 0.72, ""capture_fraction"": 0.7, ""hp_eta2"": 0.45, ""mechanical_chiller_nominal_cop"": 5.5, ""orc_eta2"": 0.55, ""store_loss_per_day"": 0.015}"
sweep__A__tuned__seed4__days30__scale3__perfect0__drawnone,sweep,A,Nagpur,tuned,4,30,3.0,False,-1,0.2436207251656221,0.3480296073794602,2489.521795274158,1742.6652566919108,606.499105080312,225.36516842890725,326.59456343317726,161.53610754207332,310.5170127497602,182.86098960677947,295.8613540567631,194.3737503887276,0.0,0.0,42.62491709591646,42.78645268094524,26.43334603665264,16.353106644292605,48.03378406223437,2.821596890392405,-0.5500826412446579,0.3885470562158781,0.125,0.2283681524982908,1135.8127834591005,0.0,31.368721289377326,35.69521131963922,7302636.899872623,0.0,4.547473508864641e-13,4.747313653297169e-13,7.815970093361102e-14,1.7053025658242404e-13,4.747313653297169e-13,0,0,"{""absorption_nominal_cop"": 0.72, ""capture_fraction"": 0.7, ""hp_eta2"": 0.45, ""mechanical_chiller_nominal_cop"": 5.5, ""orc_eta2"": 0.55, ""store_loss_per_day"": 0.015}"
sweep__C__tuned__seed4__days30__scale1__perfect0__drawnone,sweep,C,Coimbatore,tuned,4,30,1.0,False,-1,0.0966518374523383,0.1380740535033405,2323.5536755892144,1626.48757291245,224.5757321648321,74.81449887857455,196.11753621106143,75.36837502664332,166.24926465814724,96.04697398827926,0.0,0.0,0.0,0.0,37.09399239698015,36.83398096351836,36.80847401031426,0.0255069532040922,27.64430837224006,0.0,-0.3002439609445789,0.5602553944063884,0.125,0.2283681524982908,1401.5584725951196,0.0,24.94052021877697,12.58827950491676,2551404.453945591,0.0,1.9895196601282805e-13,4.823919041996305e-13,7.815970093361102e-14,1.1368683772161605e-13,4.823919041996305e-13,0,0,"{""absorption_nominal_cop"": 0.72, ""capture_fraction"": 0.7, ""hp_eta2"": 0.45, ""mechanical_chiller_nominal_cop"": 5.5, ""orc_eta2"": 0.55, ""store_loss_per_day"": 0.015}"
